Vehicle_ID,Eco_Driving_IQ,Avg_Speed_kmph,Battery_Usage_Efficiency (%),Driver_Fatigue_Level (0–5),Terrain_Strain_Index,Distance_Travelled_km,Carbon_Emission_gpkm,Edge_Computing_Decision_Lag_ms,Swarm_Update_Sync_Flag
CAR0001,79.97,70.99,81.62,5,0.99,78.89,76.5,90.18,1
CAR0002,73.62,63.87,84.28,3,1.16,115.19,110.53,44.45,1
CAR0003,81.48,50.89,81.04,1,0.85,21.1,134.27,78.24,1
CAR0004,90.23,40.3,83.46,5,0.98,73.58,95.95,53.99,1
CAR0005,72.66,60.47,75.53,0,1.41,63.31,114.07,74.03,1
CAR0006,72.66,55.9,86.07,1,1.02,7.37,71.6,85.33,1
CAR0007,90.79,63.43,85.01,4,1.35,170.54,147.97,80.69,1
CAR0008,82.67,59.53,80.91,1,1.53,40.9,126.6,71.39,1
CAR0009,70.31,65.74,88.3,3,1.16,85.47,129.26,42.43,1
CAR0010,80.43,41.97,89.69,0,1.3,72.32,134.65,84.61,1
CAR0011,70.37,69.76,76.96,3,1.35,72.0,122.34,90.63,1
CAR0012,70.34,52.96,81.19,0,0.96,11.34,105.49,49.14,1
CAR0013,77.42,81.13,81.15,5,1.08,55.07,153.89,52.08,1
CAR0014,55.87,39.66,80.3,4,1.0,60.21,124.71,91.47,1
CAR0015,57.75,76.04,89.15,0,1.09,132.29,115.03,65.83,1
CAR0016,69.38,52.97,84.03,0,1.34,183.27,119.74,52.6,0
CAR0017,64.87,40.23,83.68,0,1.08,78.74,119.1,75.45,1
CAR0018,78.14,42.74,74.98,1,1.19,9.08,114.73,57.23,0
CAR0019,65.92,45.19,88.18,5,0.99,27.03,133.38,73.22,0
CAR0020,60.88,56.36,78.8,1,1.45,18.02,91.92,61.74,1
CAR0021,89.66,57.84,85.3,4,1.09,13.31,94.12,63.45,0
CAR0022,72.74,41.39,86.39,0,1.5,45.55,136.78,92.21,1
CAR0023,75.68,49.63,91.8,5,1.21,26.06,115.64,20.63,0
CAR0024,60.75,82.13,78.46,5,0.92,24.63,149.14,81.1,0
CAR0025,69.56,75.91,69.9,2,1.17,5.62,132.27,88.91,1
CAR0026,76.11,56.54,85.92,4,0.99,1.78,103.42,57.56,1
CAR0027,63.49,50.57,94.0,5,1.32,10.84,137.25,88.76,1
CAR0028,78.76,51.8,91.19,0,1.15,18.9,155.92,50.82,1
CAR0029,68.99,59.2,86.05,0,1.23,56.38,133.41,56.8,0
CAR0030,72.08,34.66,82.54,5,1.13,71.44,139.97,54.5,1
CAR0031,68.98,46.14,89.04,1,1.09,15.15,114.85,89.03,1
CAR0032,93.52,24.97,80.13,4,1.01,55.3,149.79,35.1,1
CAR0033,74.87,55.99,87.38,0,1.37,41.82,102.58,102.8,1
CAR0034,64.42,59.71,87.53,5,1.17,20.26,130.16,63.9,1
CAR0035,83.23,42.75,90.3,0,1.14,0.69,197.09,82.3,1
CAR0036,62.79,73.61,98.8,5,1.16,62.93,136.17,80.57,1
CAR0037,77.09,31.61,86.96,4,1.06,115.73,107.38,73.02,1
CAR0038,55.4,28.03,82.46,5,1.14,25.65,107.3,57.99,1
CAR0039,61.72,53.37,84.87,2,1.24,14.13,117.86,94.85,0
CAR0040,76.97,65.71,76.15,5,0.99,218.07,145.54,59.7,1
CAR0041,82.38,75.26,81.53,5,1.02,32.16,124.37,55.38,1
CAR0042,76.71,43.12,82.95,4,1.48,25.31,100.54,87.55,1
CAR0043,73.84,66.18,82.38,5,1.13,194.56,100.49,72.91,1
CAR0044,71.99,49.42,85.76,4,1.09,169.89,124.56,97.16,0
CAR0045,60.21,47.41,80.89,2,0.93,59.48,121.27,68.75,1
CAR0046,67.8,63.25,90.61,4,1.37,67.19,133.65,56.98,1
CAR0047,70.39,59.78,85.0,0,0.99,24.56,147.52,75.49,0
CAR0048,85.57,26.35,84.95,4,1.2,8.15,201.82,61.05,1
CAR0049,78.44,72.15,83.36,2,0.86,85.2,76.14,57.56,1
CAR0050,57.37,70.7,85.78,3,1.36,10.35,140.61,86.64,1
CAR0051,78.24,40.62,89.13,5,1.44,59.65,122.95,106.63,1
CAR0052,71.15,55.94,80.66,4,1.3,282.17,64.66,65.07,1
CAR0053,68.23,57.41,81.71,5,0.89,305.41,157.49,50.51,0
CAR0054,81.12,53.91,83.48,1,1.37,27.36,132.64,66.93,1
CAR0055,85.31,41.75,78.27,0,1.03,97.85,143.99,80.3,1
CAR0056,84.31,39.93,80.9,0,0.97,64.26,69.02,75.15,0
CAR0057,66.61,49.62,82.62,1,1.12,208.49,113.39,93.88,1
CAR0058,71.91,67.59,89.37,1,1.12,31.67,87.62,83.3,1
CAR0059,78.31,58.15,86.31,4,1.1,0.37,184.89,47.93,1
CAR0060,84.76,44.44,85.97,1,1.45,17.74,154.34,60.13,1
CAR0061,70.21,61.58,89.25,3,1.6,43.0,99.57,42.38,1
CAR0062,73.14,7.27,84.31,5,0.93,37.94,73.9,92.89,1
CAR0063,63.94,67.23,86.95,5,1.06,156.72,125.82,30.16,1
CAR0064,63.04,23.9,84.48,2,1.23,114.12,152.77,44.33,0
CAR0065,83.13,44.56,86.33,1,1.12,35.6,67.95,59.76,1
CAR0066,88.56,33.2,82.09,1,1.28,61.2,92.05,81.28,1
CAR0067,74.28,30.58,72.81,3,1.38,10.04,86.83,59.57,1
CAR0068,85.04,67.41,84.33,0,1.35,228.42,146.01,62.7,1
CAR0069,78.62,42.98,92.11,0,1.32,273.99,108.91,63.09,1
CAR0070,68.55,55.2,89.63,5,1.53,390.22,110.16,73.46,1
CAR0071,78.61,49.3,89.83,5,0.88,202.92,125.24,45.59,0
CAR0072,90.38,57.16,91.18,4,1.5,19.11,93.65,51.06,1
CAR0073,74.64,51.15,85.44,3,1.12,4.73,76.69,103.62,0
CAR0074,90.65,30.76,85.99,2,1.36,86.65,161.09,78.05,1
CAR0075,48.8,64.94,81.91,2,0.99,243.73,163.87,85.22,1
CAR0076,83.22,42.59,83.42,3,1.02,19.52,125.39,71.16,1
CAR0077,75.87,26.65,88.08,2,1.33,0.71,127.56,67.19,0
CAR0078,72.01,43.58,91.02,0,0.81,163.73,157.83,79.14,1
CAR0079,75.92,72.51,84.3,2,1.4,7.99,124.7,84.55,0
CAR0080,55.12,62.75,82.75,2,1.45,53.39,107.43,86.92,0
CAR0081,72.8,44.77,85.0,3,1.24,113.6,121.18,67.47,1
CAR0082,78.57,44.76,88.01,3,1.23,27.02,161.8,89.11,1
CAR0083,89.78,45.18,77.78,2,1.03,8.77,121.6,20.68,0
CAR0084,69.82,81.15,73.52,1,1.33,146.98,99.92,87.85,0
CAR0085,66.92,55.73,82.25,3,1.27,99.47,124.41,61.46,1
CAR0086,69.98,56.45,78.9,4,1.02,446.46,139.69,81.07,1
CAR0087,84.15,65.45,82.46,4,1.12,42.21,136.09,57.01,0
CAR0088,78.29,53.58,84.26,0,1.17,6.38,136.58,43.47,1
CAR0089,69.7,46.11,82.73,2,1.12,132.56,95.2,76.79,1
CAR0090,80.13,47.05,92.26,1,0.93,73.76,143.1,39.97,1
CAR0091,75.97,48.93,86.63,0,1.34,23.98,120.85,62.01,1
CAR0092,84.69,49.44,86.5,2,1.15,152.2,98.65,53.75,0
CAR0093,67.98,60.91,88.11,3,1.2,22.78,142.86,66.5,1
CAR0094,71.72,50.78,79.31,4,1.08,30.2,106.39,85.94,1
CAR0095,71.08,60.99,90.2,5,1.3,9.71,72.77,60.2,1
CAR0096,60.36,48.79,84.62,1,1.24,50.99,89.98,76.29,1
CAR0097,77.96,51.18,88.35,5,1.44,54.29,114.55,84.79,1
CAR0098,77.61,20.03,79.64,4,1.3,72.27,137.35,57.85,0
CAR0099,75.05,63.74,77.23,5,1.16,123.43,94.08,58.14,0
CAR0100,72.65,55.2,89.09,3,1.05,236.55,112.78,97.39,0
CAR0101,60.85,64.97,86.88,2,1.37,14.82,83.5,68.41,1
CAR0102,70.79,6.56,80.49,3,1.14,5.59,149.46,80.18,1
CAR0103,71.57,81.33,80.65,5,1.17,1.87,171.52,80.03,1
CAR0104,66.98,47.91,90.63,3,1.17,15.5,168.28,46.04,0
CAR0105,73.39,66.62,79.05,4,1.12,107.28,148.95,54.78,1
CAR0106,79.04,34.4,93.21,1,1.17,130.0,145.88,77.51,1
CAR0107,93.86,59.19,80.5,3,1.59,154.41,57.84,28.65,1
CAR0108,76.75,34.2,88.19,4,0.99,27.93,125.32,65.77,1
CAR0109,77.58,40.64,83.36,1,1.04,36.51,105.12,52.69,0
CAR0110,74.26,78.71,88.02,2,1.48,66.0,146.41,92.21,1
CAR0111,55.81,47.14,82.28,5,1.13,6.53,50.0,76.92,1
CAR0112,74.73,53.26,84.19,2,1.11,94.45,125.79,93.82,0
CAR0113,75.6,63.05,85.2,0,1.41,411.87,113.57,69.22,1
CAR0114,99.63,57.44,79.99,4,0.92,44.75,153.55,67.72,0
CAR0115,73.08,52.26,88.7,1,1.36,139.77,166.44,63.9,1
CAR0116,78.02,55.47,82.43,3,1.21,69.32,92.13,59.94,1
CAR0117,74.65,86.05,83.86,2,1.29,13.68,93.49,123.69,0
CAR0118,63.31,49.14,80.03,1,1.29,87.28,126.91,86.14,1
CAR0119,86.43,53.02,72.19,4,1.07,35.65,172.01,48.68,1
CAR0120,82.52,65.76,84.04,0,1.41,3.5,121.8,122.79,0
CAR0121,82.91,66.58,97.06,2,1.09,100.77,81.63,61.9,1
CAR0122,65.91,67.81,88.92,5,1.28,195.85,101.82,76.42,0
CAR0123,89.03,59.58,84.9,1,1.45,42.28,126.08,88.79,1
CAR0124,60.98,32.85,83.69,5,1.48,49.48,127.21,39.24,0
CAR0125,80.87,74.5,85.11,1,1.15,221.66,98.88,53.45,0
CAR0126,96.9,32.8,87.74,1,1.29,167.99,101.23,102.96,0
CAR0127,65.09,54.54,79.1,4,1.13,125.51,90.55,65.5,0
CAR0128,69.34,38.69,90.57,4,1.7,28.61,154.24,89.97,1
CAR0129,76.0,49.04,88.58,4,1.36,241.04,94.96,60.93,0
CAR0130,69.97,54.93,88.59,3,1.22,16.77,106.06,68.1,1
CAR0131,59.49,54.82,87.19,1,1.26,98.56,105.2,105.71,0
CAR0132,75.69,56.33,85.1,2,1.28,2.92,71.82,78.75,0
CAR0133,64.38,74.21,88.36,5,1.29,103.2,94.1,63.1,1
CAR0134,79.74,56.8,87.96,4,1.15,32.45,156.84,56.33,1
CAR0135,65.81,46.34,83.23,4,1.12,59.72,83.72,58.16,1
CAR0136,90.5,64.46,82.13,5,1.17,42.35,91.09,94.83,1
CAR0137,67.17,67.84,85.51,5,0.97,18.97,80.02,85.31,0
CAR0138,71.78,31.59,92.75,1,1.34,97.28,117.28,47.03,1
CAR0139,83.14,58.96,78.8,4,1.04,213.69,176.56,71.74,0
CAR0140,62.69,60.52,77.66,5,0.99,319.62,116.02,68.66,0
CAR0141,77.27,45.54,85.82,3,1.2,21.36,122.0,76.32,1
CAR0142,88.07,70.64,85.25,3,1.17,126.36,96.14,57.93,1
CAR0143,58.93,47.75,85.87,4,1.25,109.17,118.15,91.96,1
CAR0144,76.85,51.88,86.22,5,1.09,42.06,156.87,69.97,0
CAR0145,77.6,47.4,83.88,1,1.12,1.93,124.29,77.47,1
CAR0146,82.82,50.23,92.45,1,1.34,117.05,183.95,54.31,1
CAR0147,62.63,33.56,77.0,1,1.33,290.95,157.78,55.31,1
CAR0148,61.8,28.4,80.86,0,1.32,100.0,117.41,123.15,0
CAR0149,80.22,73.92,84.48,4,1.21,57.14,116.83,106.0,0
CAR0150,77.97,37.3,76.78,1,1.23,74.48,168.93,68.61,1
CAR0151,77.5,35.13,84.12,3,1.25,22.27,124.12,100.66,1
CAR0152,78.46,17.7,93.31,5,1.07,138.85,162.27,94.25,1
CAR0153,68.2,40.42,85.1,2,1.49,137.21,180.09,57.5,1
CAR0154,77.32,30.15,86.15,2,1.47,15.73,113.87,55.5,0
CAR0155,77.93,74.63,78.7,1,1.36,210.36,130.56,83.37,1
CAR0156,67.86,65.15,81.92,2,1.11,31.36,149.4,75.2,1
CAR0157,93.66,39.68,83.12,2,1.31,403.17,143.03,61.96,0
CAR0158,79.74,83.79,83.41,0,1.4,48.27,142.81,84.42,0
CAR0159,63.09,64.73,91.41,3,0.96,19.59,80.0,41.15,1
CAR0160,81.57,45.13,87.79,3,1.54,43.34,94.55,72.3,1
CAR0161,65.25,12.51,79.44,0,0.85,58.01,105.14,45.22,1
CAR0162,82.87,84.36,86.23,0,1.34,7.18,156.43,45.88,0
CAR0163,86.59,29.16,87.49,2,1.49,86.33,82.94,55.86,1
CAR0164,66.79,25.32,90.7,4,1.18,91.04,165.7,77.27,0
CAR0165,84.63,65.34,92.9,5,1.17,134.3,143.4,56.5,1
CAR0166,79.13,86.6,79.92,5,1.33,2.96,154.63,45.64,1
CAR0167,83.22,70.76,80.95,2,1.57,77.92,92.11,79.54,0
CAR0168,93.97,58.46,78.71,5,1.14,5.44,122.17,99.85,0
CAR0169,72.55,58.92,83.83,0,1.04,120.78,128.97,82.78,1
CAR0170,67.46,62.8,87.33,3,1.12,5.73,127.65,106.04,1
CAR0171,66.1,61.38,89.94,5,0.89,242.73,128.87,98.18,0
CAR0172,66.84,54.22,84.62,2,1.38,121.09,111.7,60.25,1
CAR0173,74.23,51.56,83.4,4,1.1,70.8,124.06,82.64,1
CAR0174,78.41,49.06,85.76,2,1.16,58.25,151.01,68.17,0
CAR0175,77.77,38.69,80.82,1,1.38,14.0,85.0,91.24,1
CAR0176,83.27,45.79,95.45,2,1.12,34.39,166.41,68.16,1
CAR0177,75.13,24.61,76.96,0,1.35,203.22,149.46,54.23,1
CAR0178,89.54,48.52,85.92,3,0.99,234.81,91.04,97.47,1
CAR0179,72.35,35.17,95.12,3,1.39,0.07,131.52,76.36,0
CAR0180,100.0,33.45,85.03,5,1.27,90.17,147.04,56.73,1
CAR0181,81.26,52.7,84.05,0,1.18,127.05,82.94,60.03,1
CAR0182,66.43,70.88,83.21,1,1.23,96.43,121.26,56.6,1
CAR0183,64.29,63.77,84.1,0,0.94,8.52,117.64,49.97,1
CAR0184,79.82,26.44,91.86,2,1.22,24.55,100.63,60.45,0
CAR0185,72.77,35.16,73.94,0,1.17,28.81,122.77,77.46,1
CAR0186,82.14,64.11,92.67,0,0.95,178.22,101.99,71.28,1
CAR0187,79.73,35.26,77.88,1,1.07,62.21,161.23,61.24,0
CAR0188,74.27,46.63,83.67,2,1.17,66.71,101.2,99.91,1
CAR0189,66.53,58.25,82.85,4,1.08,273.17,143.76,29.79,1
CAR0190,59.85,35.47,87.94,4,0.72,101.36,70.34,76.12,1
CAR0191,70.53,51.58,77.01,3,1.42,228.94,115.15,67.14,0
CAR0192,83.56,29.99,87.31,5,1.17,60.97,120.37,50.6,0
CAR0193,77.14,40.98,95.12,0,0.75,16.19,114.17,77.29,1
CAR0194,62.54,54.8,78.18,3,1.63,265.83,108.11,65.61,1
CAR0195,76.73,26.11,85.95,1,1.45,61.38,99.97,94.94,1
CAR0196,78.85,56.61,81.69,4,1.13,20.04,142.64,87.36,1
CAR0197,66.16,49.71,87.13,0,1.03,36.01,149.98,108.12,0
CAR0198,76.54,58.29,85.1,1,1.28,5.21,117.54,60.33,1
CAR0199,75.58,53.36,81.79,5,1.24,63.17,87.1,97.93,1
CAR0200,63.57,70.46,87.44,1,1.31,191.82,173.82,46.68,1
CAR0201,78.58,51.88,94.02,0,1.03,271.18,93.61,67.79,0
CAR0202,80.61,43.56,84.05,5,1.42,269.71,76.22,60.7,0
CAR0203,85.83,51.83,88.6,1,1.11,13.38,59.62,82.05,1
CAR0204,85.54,58.15,78.53,5,1.34,48.14,122.98,81.57,0
CAR0205,61.22,50.73,80.22,0,1.04,2.86,113.48,51.99,0
CAR0206,65.62,50.61,87.36,0,1.73,193.22,150.93,83.16,0
CAR0207,80.15,39.47,92.42,5,1.34,44.43,138.33,62.39,1
CAR0208,80.14,40.06,86.78,2,1.78,99.73,128.71,53.66,1
CAR0209,80.15,28.96,83.43,3,1.37,125.49,111.86,69.76,1
CAR0210,100.0,76.24,85.0,1,1.09,56.18,153.3,40.46,0
CAR0211,80.71,31.34,78.75,1,1.37,36.59,176.02,88.63,1
CAR0212,86.36,39.61,88.02,2,1.38,327.58,150.27,68.89,0
CAR0213,84.54,39.22,89.41,2,1.27,333.79,106.09,69.33,1
CAR0214,81.51,63.42,82.74,2,1.33,34.17,143.45,68.26,1
CAR0215,71.85,45.58,82.65,4,1.35,65.32,107.94,102.94,1
CAR0216,82.59,68.72,86.33,4,1.0,360.62,86.85,100.38,0
CAR0217,67.27,39.9,82.82,5,0.99,0.49,93.03,97.02,0
CAR0218,72.63,54.18,84.67,4,1.04,53.22,109.25,68.3,1
CAR0219,70.15,37.47,95.5,0,1.23,10.59,123.12,47.69,1
CAR0220,75.82,82.18,83.76,5,1.16,71.16,181.82,69.68,0
CAR0221,98.15,32.19,83.21,1,1.0,2.5,93.55,76.29,1
CAR0222,56.33,54.65,81.76,3,1.36,52.24,159.7,86.25,1
CAR0223,81.86,59.51,88.72,0,1.26,24.94,110.48,76.22,1
CAR0224,58.87,56.21,84.09,1,1.23,76.21,59.51,49.47,1
CAR0225,70.28,47.22,81.75,1,1.15,551.99,104.83,59.29,0
CAR0226,85.89,48.05,91.61,5,1.12,161.21,155.3,57.48,0
CAR0227,75.64,50.66,92.1,2,1.03,186.85,130.34,80.78,0
CAR0228,64.22,47.79,82.0,2,1.39,100.86,132.13,81.27,1
CAR0229,67.85,64.46,75.67,0,1.06,4.24,159.86,83.89,0
CAR0230,81.8,83.16,90.04,2,1.24,23.17,88.91,76.02,1
CAR0231,67.7,41.64,81.58,1,1.53,259.11,88.45,28.82,0
CAR0232,77.16,29.45,88.95,2,1.13,45.59,52.09,35.48,1
CAR0233,75.46,48.68,75.15,4,1.39,10.94,146.31,67.2,1
CAR0234,68.48,88.7,89.46,2,1.31,121.2,136.87,71.96,0
CAR0235,96.44,37.94,78.94,1,1.26,35.59,141.72,95.07,0
CAR0236,81.34,74.59,88.65,5,1.29,31.31,84.51,71.56,1
CAR0237,54.75,75.17,85.07,0,1.18,620.34,71.87,50.48,0
CAR0238,76.86,41.7,80.23,3,1.21,195.29,80.41,83.24,0
CAR0239,68.38,58.53,82.96,2,1.09,52.41,92.32,69.65,0
CAR0240,83.52,74.43,88.43,1,1.21,392.52,166.62,61.96,1
CAR0241,67.07,44.31,85.53,3,1.08,105.01,150.0,37.71,1
CAR0242,73.85,46.95,87.92,3,1.4,135.49,106.25,71.7,1
CAR0243,80.05,41.27,94.88,4,0.86,3.2,128.98,74.58,0
CAR0244,83.66,34.78,77.18,3,1.3,12.97,99.65,50.08,1
CAR0245,63.0,40.26,93.09,5,1.27,100.26,130.93,84.89,1
CAR0246,71.65,31.64,85.52,1,1.25,229.29,85.86,83.1,1
CAR0247,70.25,50.51,80.51,1,1.4,97.75,142.51,70.98,0
CAR0248,68.47,38.45,78.35,2,1.14,14.39,94.51,70.23,1
CAR0249,92.65,53.51,84.05,2,1.25,12.3,144.18,88.92,1
CAR0250,79.05,26.66,89.61,2,0.86,185.91,107.18,77.35,1
CAR0251,62.39,54.96,84.36,5,1.12,15.0,96.3,55.95,0
CAR0252,84.18,62.5,92.56,3,1.37,73.45,168.39,66.05,0
CAR0253,96.22,20.09,77.74,3,0.93,3.78,125.31,81.14,0
CAR0254,85.32,55.61,84.94,4,1.23,8.41,110.33,29.35,0
CAR0255,59.81,68.42,78.74,5,1.06,111.58,142.75,51.37,1
CAR0256,70.16,31.86,86.82,2,1.18,116.85,79.8,83.64,1
CAR0257,87.67,75.09,89.43,0,1.08,41.77,153.21,94.18,1
CAR0258,67.92,56.29,82.9,4,0.95,24.28,115.82,90.42,0
CAR0259,79.44,39.42,71.98,0,1.28,168.05,138.02,87.87,0
CAR0260,82.75,49.16,85.99,3,1.19,24.48,73.56,72.59,0
CAR0261,65.73,58.37,87.18,4,1.32,78.09,108.53,49.42,0
CAR0262,74.4,51.14,87.02,4,1.36,344.86,120.14,66.07,1
CAR0263,42.59,58.08,91.18,1,1.45,16.0,150.91,30.13,0
CAR0264,64.76,36.19,79.64,3,1.23,282.81,140.41,96.01,0
CAR0265,72.47,52.54,88.4,3,1.45,20.2,108.23,53.66,1
CAR0266,62.52,28.79,90.96,5,1.0,83.8,129.54,59.33,1
CAR0267,91.32,48.33,76.11,4,1.38,47.32,157.7,91.17,1
CAR0268,60.7,36.44,86.6,3,1.29,335.04,114.0,37.71,1
CAR0269,70.6,38.97,82.48,4,1.25,31.96,110.73,46.21,0
CAR0270,76.31,68.54,84.59,5,1.29,51.03,63.31,75.36,1
CAR0271,89.41,66.37,86.74,5,1.01,406.63,111.63,80.41,1
CAR0272,60.64,59.14,82.56,1,0.96,76.89,67.81,68.57,1
CAR0273,86.63,33.62,81.62,4,1.54,69.84,116.57,69.22,1
CAR0274,75.1,45.25,85.17,3,1.17,29.81,149.64,95.37,0
CAR0275,65.18,68.2,79.56,3,1.16,120.85,56.41,82.73,1
CAR0276,79.62,52.13,79.57,4,0.98,1.45,157.03,80.02,0
CAR0277,76.99,84.79,88.4,4,0.9,5.08,110.09,85.51,1
CAR0278,69.0,55.9,79.26,4,1.18,91.47,119.19,63.99,1
CAR0279,75.7,52.88,88.33,2,1.13,41.81,104.93,113.46,1
CAR0280,71.15,45.36,87.31,3,1.2,306.44,68.6,23.85,1
CAR0281,76.14,52.0,76.37,5,1.22,233.5,96.51,99.16,1
CAR0282,81.62,47.71,81.61,3,1.7,125.07,182.92,88.04,0
CAR0283,90.86,60.62,90.97,2,1.13,170.45,87.12,74.97,1
CAR0284,62.62,64.35,80.09,4,1.52,110.06,72.34,71.6,1
CAR0285,96.33,38.21,82.68,1,1.53,13.42,124.24,66.89,0
CAR0286,55.48,30.03,87.31,4,1.35,145.05,117.43,92.07,1
CAR0287,73.48,22.46,88.92,4,1.15,23.6,110.3,69.2,1
CAR0288,80.88,57.62,83.74,2,0.93,39.07,120.43,55.44,1
CAR0289,77.81,33.45,82.01,3,1.3,171.06,139.33,88.04,1
CAR0290,68.77,17.71,92.11,4,1.4,76.9,102.39,101.7,1
CAR0291,72.92,55.83,93.69,3,1.55,196.57,125.83,31.46,0
CAR0292,70.07,87.39,89.89,0,1.01,23.96,150.72,117.14,0
CAR0293,69.11,49.91,85.43,5,1.15,93.59,90.14,49.27,1
CAR0294,83.5,62.58,80.96,3,1.01,8.75,50.33,50.79,1
CAR0295,78.57,51.23,80.85,1,1.07,103.02,140.12,45.1,1
CAR0296,68.07,48.52,87.61,5,1.33,143.77,195.09,70.02,0
CAR0297,84.0,63.79,87.09,1,1.06,87.93,119.78,44.41,0
CAR0298,78.07,45.65,92.01,4,1.04,30.96,126.06,46.83,0
CAR0299,83.13,54.01,88.25,5,1.36,3.18,111.13,56.23,1
CAR0300,81.3,54.83,77.48,3,1.29,12.72,167.64,72.77,1
CAR0301,66.71,39.98,90.26,5,1.27,97.37,117.67,74.7,1
CAR0302,69.4,64.88,80.01,4,1.07,272.45,114.4,94.82,0
CAR0303,82.47,47.38,83.08,2,1.46,23.13,147.33,94.36,0
CAR0304,81.1,38.66,86.25,1,1.2,132.81,105.47,90.49,1
CAR0305,74.79,58.05,94.98,4,1.68,201.33,81.46,64.77,0
CAR0306,76.17,36.52,100.0,2,1.23,73.58,146.47,33.18,1
CAR0307,87.78,50.42,88.03,5,0.73,110.64,102.25,32.73,1
CAR0308,69.08,49.86,84.08,5,0.72,168.75,90.74,90.35,1
CAR0309,80.47,66.29,87.67,4,1.32,30.2,183.0,86.88,1
CAR0310,72.98,57.12,89.44,3,1.46,35.22,114.64,57.67,1
CAR0311,72.82,49.62,83.4,5,1.04,0.06,134.83,41.19,0
CAR0312,85.99,62.27,93.98,3,1.62,329.94,120.89,49.06,1
CAR0313,83.25,70.85,86.15,3,1.53,249.55,93.41,73.49,1
CAR0314,83.14,58.37,87.49,3,1.24,144.63,140.68,73.53,0
CAR0315,88.05,50.16,88.33,0,1.31,8.24,129.44,90.85,1
CAR0316,75.21,30.32,87.11,2,1.38,59.33,100.22,60.99,0
CAR0317,81.82,34.02,89.19,2,1.58,10.75,133.0,65.12,0
CAR0318,71.9,45.42,81.91,5,1.34,1.6,104.57,92.51,0
CAR0319,78.24,40.86,82.21,5,1.24,95.76,86.87,27.5,1
CAR0320,73.7,47.2,79.5,3,1.33,323.98,83.83,76.35,1
CAR0321,75.97,50.85,87.2,0,1.31,233.17,128.1,63.32,1
CAR0322,80.95,57.95,88.89,3,1.38,119.32,108.52,84.26,0
CAR0323,66.82,48.94,87.29,0,0.89,10.16,165.05,80.25,1
CAR0324,95.92,57.3,93.37,3,1.26,32.04,118.71,56.07,1
CAR0325,64.94,50.97,84.97,1,1.29,38.57,96.44,59.85,1
CAR0326,62.86,20.37,88.34,1,1.19,144.03,124.73,23.96,0
CAR0327,86.58,35.91,79.54,4,1.36,162.07,81.17,85.0,0
CAR0328,82.92,47.84,83.06,3,1.58,48.63,117.48,74.8,0
CAR0329,81.24,31.85,88.48,5,1.23,54.11,129.58,97.97,1
CAR0330,81.28,59.0,89.25,2,1.34,4.55,125.87,62.01,1
CAR0331,74.88,72.96,83.53,4,1.52,34.13,159.08,88.29,1
CAR0332,66.03,68.28,84.64,5,1.23,60.02,197.93,48.6,1
CAR0333,75.76,46.8,77.41,1,1.02,12.44,140.14,15.9,1
CAR0334,68.23,72.36,83.21,3,1.32,60.38,155.36,68.11,1
CAR0335,84.75,52.23,89.45,4,0.76,191.85,196.3,58.67,1
CAR0336,73.53,44.94,87.88,3,0.74,87.07,89.81,48.98,0
CAR0337,66.75,40.8,87.5,1,1.27,8.22,123.92,87.96,0
CAR0338,71.79,45.46,85.25,4,0.73,21.28,105.66,94.16,1
CAR0339,79.13,44.18,85.04,1,0.94,64.35,145.28,72.11,1
CAR0340,69.36,52.56,81.7,0,1.12,44.86,128.15,66.35,0
CAR0341,66.78,52.41,88.49,1,1.06,44.43,95.45,71.25,1
CAR0342,77.44,50.05,87.1,3,1.17,75.35,120.33,56.94,1
CAR0343,77.45,56.55,87.46,2,1.42,87.8,151.41,81.25,1
CAR0344,69.93,67.86,82.37,1,1.25,159.39,80.89,39.21,1
CAR0345,70.29,64.24,74.23,5,1.03,41.7,96.08,48.54,1
CAR0346,77.32,27.73,90.49,2,1.47,163.71,91.58,54.17,1
CAR0347,60.52,11.69,82.61,0,0.91,41.34,129.79,80.83,0
CAR0348,60.93,64.01,80.69,4,1.24,5.7,157.22,63.95,1
CAR0349,67.82,29.5,88.47,4,0.89,80.79,59.71,97.21,1
CAR0350,72.87,46.63,83.04,2,1.25,88.65,122.83,86.07,1
CAR0351,78.11,32.45,90.3,4,1.14,272.63,92.27,53.98,1
CAR0352,89.75,22.97,88.09,1,1.42,129.49,150.16,82.67,0
CAR0353,83.58,58.12,88.42,2,1.34,249.83,112.89,61.84,1
CAR0354,73.4,61.39,78.17,3,1.08,238.97,123.92,79.46,0
CAR0355,74.81,41.35,91.06,1,1.04,92.78,119.96,87.04,1
CAR0356,64.97,11.13,86.31,1,1.14,75.03,153.73,92.29,1
CAR0357,74.81,41.81,83.15,1,1.58,81.52,181.46,74.04,1
CAR0358,72.11,55.88,85.72,3,1.52,383.19,85.96,102.0,1
CAR0359,78.23,27.82,76.12,0,1.01,148.35,91.42,78.83,1
CAR0360,66.73,52.75,87.04,5,1.36,11.23,129.64,72.7,0
CAR0361,80.19,49.77,79.85,4,0.85,150.7,95.51,63.95,1
CAR0362,90.33,58.69,78.24,2,1.11,18.7,148.01,57.37,0
CAR0363,73.91,51.79,77.39,0,1.01,59.3,152.82,78.4,1
CAR0364,79.02,35.4,90.56,2,1.41,23.63,103.6,72.02,0
CAR0365,81.9,67.95,81.85,4,0.94,116.98,97.09,75.22,1
CAR0366,70.99,47.62,92.67,3,1.29,209.81,111.76,79.61,1
CAR0367,77.24,49.59,82.32,1,1.2,34.3,123.12,75.13,1
CAR0368,75.13,36.0,76.46,1,1.16,8.56,129.45,110.27,1
CAR0369,75.98,43.35,79.42,3,1.53,35.45,52.42,59.44,1
CAR0370,67.27,36.73,91.18,0,1.55,111.58,90.98,78.65,1
CAR0371,75.25,47.41,84.22,0,1.17,39.86,107.88,65.45,1
CAR0372,79.98,75.68,82.26,2,1.13,32.59,96.09,20.77,1
CAR0373,89.51,29.42,85.8,3,0.9,20.39,50.0,66.13,1
CAR0374,84.59,25.8,87.51,0,1.2,68.82,63.35,51.27,1
CAR0375,96.53,72.07,90.59,3,1.59,32.29,80.84,68.66,1
CAR0376,67.33,46.86,92.24,4,1.17,131.31,116.54,69.47,1
CAR0377,83.72,39.96,83.2,1,1.35,7.97,106.91,77.71,1
CAR0378,76.83,65.6,78.37,1,0.92,109.07,101.05,59.4,1
CAR0379,96.9,40.92,82.93,1,1.11,27.12,143.9,61.9,0
CAR0380,66.92,77.39,86.3,3,1.29,67.19,143.88,84.01,1
CAR0381,66.6,60.17,80.18,3,1.22,33.7,124.5,53.82,1
CAR0382,69.01,42.68,80.21,2,1.36,128.29,123.6,33.23,1
CAR0383,53.76,82.36,86.72,1,1.08,290.6,94.3,73.14,1
CAR0384,69.74,40.91,84.76,2,0.85,248.98,97.89,91.42,0
CAR0385,67.41,61.13,85.16,1,1.42,87.57,68.77,83.78,0
CAR0386,76.5,54.49,81.21,2,1.01,62.1,112.48,73.51,1
CAR0387,78.42,69.53,83.85,2,1.3,170.54,143.57,95.01,1
CAR0388,93.76,73.42,80.38,4,1.29,114.99,160.63,91.64,1
CAR0389,84.5,50.48,89.45,2,0.87,20.28,112.66,63.38,1
CAR0390,69.23,38.7,90.18,3,1.41,171.99,134.75,74.95,1
CAR0391,66.02,56.9,75.77,2,1.09,56.02,50.0,75.81,1
CAR0392,79.92,39.83,80.35,1,1.21,20.95,107.01,68.26,1
CAR0393,61.8,80.2,77.52,2,1.13,33.1,106.31,92.68,1
CAR0394,93.31,52.05,81.75,0,1.52,31.13,164.74,66.96,1
CAR0395,86.79,44.52,84.58,5,1.47,73.23,131.79,59.99,0
CAR0396,70.31,52.77,77.75,1,0.84,26.71,134.83,18.17,1
CAR0397,57.87,29.79,80.39,0,1.65,13.19,133.27,54.03,1
CAR0398,88.54,35.43,79.98,1,1.06,13.2,121.36,43.69,1
CAR0399,73.85,68.01,86.04,3,1.62,87.53,165.97,69.19,1
CAR0400,87.38,40.15,85.35,5,1.15,132.71,50.84,44.93,1
CAR0401,59.06,34.3,81.39,5,1.13,38.79,124.39,82.17,0
CAR0402,69.01,58.05,85.88,3,1.15,3.53,153.89,92.17,1
CAR0403,75.05,67.79,82.27,5,1.12,13.61,63.26,69.38,0
CAR0404,75.47,60.78,83.64,3,1.7,246.15,145.14,50.32,1
CAR0405,70.5,64.94,93.37,0,1.18,68.03,97.17,75.73,1
CAR0406,81.23,38.65,91.7,4,1.14,60.44,123.29,107.87,1
CAR0407,64.32,28.67,78.5,1,1.22,3.88,96.59,101.65,0
CAR0408,73.58,72.52,89.15,3,1.01,130.43,148.77,41.88,0
CAR0409,76.2,45.16,89.06,1,1.52,75.09,111.35,41.14,0
CAR0410,80.14,46.24,79.26,0,0.91,22.57,145.37,36.01,0
CAR0411,82.12,69.92,89.09,4,1.08,11.66,133.06,47.26,1
CAR0412,63.75,58.34,92.69,0,1.39,48.35,96.19,75.03,1
CAR0413,59.66,56.84,79.39,5,1.21,181.5,135.06,58.87,1
CAR0414,87.78,82.48,80.41,1,1.31,200.47,100.09,53.23,0
CAR0415,78.32,40.35,90.09,4,1.51,92.34,121.92,90.78,1
CAR0416,67.52,63.92,86.36,5,1.4,130.03,110.8,80.6,1
CAR0417,90.51,50.86,87.76,4,1.23,12.23,147.0,35.91,0
CAR0418,76.16,54.03,86.7,5,1.62,88.7,136.21,89.63,1
CAR0419,86.79,72.93,86.95,0,1.07,109.95,119.08,80.12,0
CAR0420,75.68,57.62,78.37,3,1.18,22.4,99.43,80.57,0
CAR0421,95.61,58.07,90.24,1,1.19,212.16,81.93,58.59,1
CAR0422,92.55,66.09,90.85,2,1.18,21.69,124.07,66.25,1
CAR0423,72.51,44.53,83.85,2,0.99,37.61,101.03,30.55,1
CAR0424,84.72,37.41,84.78,0,0.88,96.91,63.66,87.34,1
CAR0425,81.45,34.33,77.34,1,1.28,101.71,80.1,50.02,1
CAR0426,88.69,20.5,87.57,1,1.07,120.19,168.78,52.59,1
CAR0427,65.35,80.84,87.86,0,1.58,11.88,100.2,52.32,1
CAR0428,81.86,33.45,84.69,1,1.19,189.36,152.46,106.01,1
CAR0429,85.58,46.68,90.62,3,1.15,76.11,109.3,56.63,0
CAR0430,57.41,45.85,83.33,0,1.42,63.74,157.19,88.85,0
CAR0431,63.17,54.61,87.82,3,1.28,396.85,155.01,69.52,1
CAR0432,54.61,62.24,79.9,1,1.16,134.85,95.23,53.42,1
CAR0433,72.31,62.91,84.88,0,1.07,12.56,60.36,49.79,0
CAR0434,82.18,41.25,84.13,1,1.93,141.28,62.9,57.42,1
CAR0435,90.02,47.49,86.13,0,1.27,10.01,95.74,68.51,0
CAR0436,75.74,54.24,83.15,1,1.42,2.79,176.69,82.03,1
CAR0437,91.29,46.27,84.34,3,1.0,51.69,107.68,60.58,0
CAR0438,61.2,74.11,89.13,3,1.08,504.81,124.36,59.83,1
CAR0439,57.97,57.36,82.82,1,1.62,19.22,159.1,52.38,1
CAR0440,74.44,61.02,76.97,0,1.48,111.67,123.31,46.12,0
CAR0441,78.84,59.94,93.75,2,1.29,19.04,122.28,44.45,1
CAR0442,74.67,67.6,91.91,3,1.12,129.02,138.68,89.76,1
CAR0443,54.33,52.72,78.54,3,1.15,70.39,128.67,59.42,0
CAR0444,74.11,30.55,88.45,5,1.06,113.93,117.02,61.19,0
CAR0445,61.96,56.0,82.49,2,0.97,22.67,98.36,56.67,1
CAR0446,81.7,40.23,86.32,1,1.38,136.9,122.35,63.66,1
CAR0447,78.67,42.07,86.47,0,1.31,543.05,152.83,77.42,1
CAR0448,65.6,58.8,83.83,5,1.35,109.56,173.46,60.26,0
CAR0449,69.86,68.57,81.08,1,1.13,68.02,128.77,73.61,1
CAR0450,64.41,50.32,81.55,4,1.25,256.62,142.65,98.36,0
CAR0451,74.37,54.63,80.42,3,1.11,1.6,128.09,53.61,1
CAR0452,84.55,75.53,80.84,4,1.05,130.91,117.38,61.21,1
CAR0453,65.14,53.61,84.66,3,1.53,219.59,135.43,82.82,1
CAR0454,80.04,89.03,81.42,3,1.22,6.37,155.68,99.95,1
CAR0455,69.7,58.48,88.41,4,1.3,59.8,93.41,45.15,1
CAR0456,67.07,23.59,92.44,4,1.37,22.91,76.46,35.98,1
CAR0457,73.93,61.3,82.1,1,1.23,83.59,104.01,69.99,1
CAR0458,64.65,55.72,86.2,5,1.25,104.85,126.35,67.92,1
CAR0459,69.46,69.35,87.5,5,0.98,36.04,146.1,84.0,1
CAR0460,63.02,60.1,87.36,4,1.02,61.62,90.31,80.95,1
CAR0461,94.65,47.92,85.38,1,1.01,32.76,50.0,69.32,1
CAR0462,75.35,31.64,88.71,5,1.32,46.11,104.72,90.98,1
CAR0463,68.0,46.86,87.41,1,1.21,17.38,114.18,56.38,1
CAR0464,77.14,37.24,78.81,1,1.02,216.77,85.13,74.23,1
CAR0465,73.88,41.29,89.35,3,1.32,1.01,97.32,45.69,1
CAR0466,72.79,58.83,89.44,5,1.31,214.05,146.02,69.16,1
CAR0467,81.14,75.05,81.18,5,1.06,84.79,122.34,40.78,1
CAR0468,82.58,55.92,85.19,3,1.19,40.3,130.37,47.68,1
CAR0469,69.69,32.06,88.42,4,1.31,128.39,109.33,104.19,1
CAR0470,69.24,56.67,83.95,3,1.03,70.88,97.38,33.51,1
CAR0471,72.25,67.95,90.36,5,1.31,69.14,109.11,65.67,1
CAR0472,51.98,40.85,96.82,5,1.26,11.67,134.97,86.54,1
CAR0473,59.85,47.99,81.07,4,1.0,49.35,75.26,114.43,1
CAR0474,88.67,50.22,78.09,3,1.24,27.58,169.51,73.54,1
CAR0475,91.45,38.23,86.52,0,1.27,1.58,137.25,74.68,0
CAR0476,72.51,59.72,88.61,0,1.07,44.64,103.92,70.79,0
CAR0477,80.77,48.19,83.85,4,1.09,9.41,144.4,91.14,0
CAR0478,78.11,56.29,92.27,3,1.0,29.68,156.67,78.63,1
CAR0479,100.0,36.69,78.31,3,1.11,9.71,110.09,58.5,1
CAR0480,86.2,43.44,88.46,1,1.2,10.64,113.5,92.31,0
CAR0481,73.72,60.84,81.97,5,1.09,22.19,164.8,60.76,1
CAR0482,65.44,44.41,93.6,2,0.9,879.99,183.57,38.03,1
CAR0483,58.94,75.9,94.96,4,1.06,0.22,120.88,38.09,1
CAR0484,77.03,44.01,81.17,2,1.12,101.8,85.25,65.98,1
CAR0485,67.44,53.37,82.25,2,1.36,15.23,105.88,72.06,1
CAR0486,60.78,63.99,89.3,4,1.32,253.36,150.99,89.11,0
CAR0487,68.53,28.72,83.06,3,1.37,9.83,89.09,82.82,1
CAR0488,64.18,23.59,84.77,4,1.05,310.25,113.75,71.6,0
CAR0489,91.87,27.12,85.13,2,1.23,94.4,128.78,90.23,1
CAR0490,83.82,68.94,75.4,5,0.72,0.13,92.32,70.25,1
CAR0491,74.92,41.72,84.93,5,1.29,224.44,152.89,44.19,0
CAR0492,89.8,88.37,81.55,5,1.32,73.75,140.82,39.83,0
CAR0493,75.77,41.54,82.53,3,1.13,30.47,180.29,95.57,1
CAR0494,66.39,52.77,92.22,0,1.26,145.79,143.44,25.1,1
CAR0495,90.23,73.13,78.72,4,0.9,261.27,91.17,65.99,1
CAR0496,80.39,80.09,89.07,5,1.04,66.1,135.91,129.64,0
CAR0497,64.63,80.92,83.61,4,1.35,37.91,149.64,79.18,0
CAR0498,73.1,68.13,83.6,5,1.3,155.56,151.18,65.83,1
CAR0499,66.24,65.36,88.95,3,1.12,114.5,96.69,36.31,0
CAR0500,61.17,58.89,86.7,0,1.36,219.6,93.11,102.35,1
CAR0501,84.26,61.68,87.85,0,1.23,117.93,85.81,94.28,0
CAR0502,94.09,41.73,89.84,5,1.1,27.91,168.14,83.7,1
CAR0503,61.01,37.73,83.34,3,1.16,268.32,138.69,69.99,0
CAR0504,80.63,49.95,81.94,1,1.11,11.07,95.36,81.44,0
CAR0505,68.49,47.45,79.57,4,0.96,31.19,123.82,67.03,1
CAR0506,70.13,43.2,80.87,4,1.45,73.44,116.29,50.53,1
CAR0507,69.08,60.45,99.75,2,1.09,83.41,90.82,89.13,0
CAR0508,66.36,64.33,91.22,3,1.03,1.54,121.09,68.99,0
CAR0509,75.49,51.33,78.24,2,0.89,151.67,125.72,80.44,0
CAR0510,66.69,72.16,78.39,5,0.67,44.88,177.94,67.58,1
CAR0511,77.7,32.87,87.41,2,1.34,52.16,100.33,79.24,1
CAR0512,74.5,47.1,87.74,0,1.36,165.74,68.72,69.71,0
CAR0513,72.61,39.25,87.74,4,1.44,47.69,88.53,68.15,1
CAR0514,65.92,22.0,83.73,2,1.17,4.84,93.22,70.6,1
CAR0515,69.23,48.76,84.37,0,1.14,19.41,107.19,129.22,1
CAR0516,82.55,48.17,86.64,3,1.1,312.14,88.6,86.05,1
CAR0517,80.01,72.7,85.43,2,1.12,7.3,144.66,121.72,1
CAR0518,65.22,59.46,73.9,5,1.42,43.84,86.52,69.84,0
CAR0519,75.99,34.64,83.85,5,1.19,69.95,120.6,63.82,0
CAR0520,82.51,77.81,80.74,5,1.28,67.98,180.01,48.52,1
CAR0521,58.31,68.32,85.88,4,1.11,0.4,136.61,102.06,1
CAR0522,80.43,58.73,99.93,2,1.46,69.55,133.52,51.9,1
CAR0523,68.37,46.6,86.84,3,0.82,48.41,175.72,106.19,1
CAR0524,80.71,35.61,83.43,2,0.96,357.84,157.37,49.68,1
CAR0525,67.37,44.42,89.61,4,1.28,17.34,136.95,87.73,1
CAR0526,56.95,66.33,87.41,0,1.55,43.72,110.68,38.18,0
CAR0527,58.72,78.27,87.1,4,1.15,54.38,119.32,61.16,1
CAR0528,75.48,73.15,88.03,5,1.03,49.54,117.86,70.44,0
CAR0529,77.6,42.67,95.28,0,1.4,109.61,107.96,58.05,0
CAR0530,65.96,33.21,79.35,5,1.26,24.27,126.36,66.61,1
CAR0531,81.39,52.11,87.37,1,1.46,24.98,130.52,66.71,0
CAR0532,58.38,23.47,80.37,4,0.94,130.64,82.66,86.14,0
CAR0533,74.34,54.85,87.78,4,1.44,69.37,168.96,28.26,0
CAR0534,62.89,47.79,80.41,3,0.89,53.64,132.29,58.74,1
CAR0535,68.48,43.01,82.91,2,1.14,18.54,112.12,95.09,1
CAR0536,75.47,26.08,83.52,0,1.28,20.77,126.64,81.25,0
CAR0537,66.4,57.7,89.88,0,1.24,1.06,147.91,95.43,1
CAR0538,71.15,42.01,89.59,3,1.41,9.59,76.0,85.18,0
CAR0539,85.06,32.45,78.77,3,0.83,81.38,116.85,48.33,1
CAR0540,69.23,6.92,85.27,2,1.23,222.45,84.42,83.22,1
CAR0541,83.36,49.59,81.45,5,1.44,33.85,199.71,72.0,1
CAR0542,63.7,76.58,78.71,2,1.21,39.71,124.15,115.36,1
CAR0543,80.3,74.92,83.91,4,0.97,12.29,84.67,86.04,1
CAR0544,89.42,43.14,83.46,5,1.4,49.21,227.98,80.47,1
CAR0545,50.28,40.97,97.13,1,1.07,3.79,103.92,83.39,1
CAR0546,67.03,57.03,87.16,2,1.04,249.62,113.73,79.38,1
CAR0547,80.77,35.02,78.11,3,1.01,111.81,115.9,78.84,1
CAR0548,72.97,54.53,82.18,5,1.16,468.3,94.56,64.67,1
CAR0549,78.71,61.49,90.11,2,1.24,214.41,127.42,80.71,0
CAR0550,68.96,68.4,95.44,0,0.95,64.05,53.68,88.97,0
CAR0551,75.87,48.5,77.07,1,0.99,73.33,152.58,91.21,1
CAR0552,73.44,46.94,75.6,4,1.06,21.14,86.17,88.78,1
CAR0553,86.68,36.83,94.35,0,1.01,62.0,107.54,100.16,1
CAR0554,77.54,37.6,86.95,0,1.21,233.33,142.55,92.46,0
CAR0555,78.38,46.6,80.66,1,1.27,5.22,113.87,82.57,0
CAR0556,70.88,55.51,87.67,4,1.24,199.18,115.09,47.13,1
CAR0557,70.12,63.7,71.82,3,1.25,41.7,89.64,47.13,1
CAR0558,70.67,37.95,85.02,5,1.53,229.77,182.87,65.04,0
CAR0559,78.94,72.39,86.64,4,1.28,282.82,135.94,70.94,1
CAR0560,70.79,45.93,89.62,2,1.36,111.13,87.52,97.96,1
CAR0561,77.9,49.68,79.93,0,1.12,109.19,125.35,14.41,1
CAR0562,95.75,38.79,85.43,2,1.39,60.29,85.4,49.34,1
CAR0563,83.71,13.64,80.37,3,1.11,180.51,171.67,66.12,1
CAR0564,71.74,63.26,86.28,2,1.28,326.0,125.99,50.06,1
CAR0565,87.01,61.05,80.52,4,0.93,149.2,90.73,54.04,1
CAR0566,70.92,45.78,82.96,2,1.23,97.27,140.93,60.02,0
CAR0567,54.62,51.0,80.02,3,1.0,93.34,111.66,51.08,1
CAR0568,64.92,57.74,88.26,3,1.39,189.36,81.35,54.55,0
CAR0569,56.29,26.56,89.29,3,1.38,77.91,131.43,97.26,0
CAR0570,71.48,42.06,83.83,4,1.11,162.89,130.59,82.29,1
CAR0571,75.18,61.91,85.19,3,1.61,71.11,154.13,85.28,1
CAR0572,91.76,31.19,77.76,0,1.14,6.45,121.94,69.32,1
CAR0573,78.27,54.4,83.5,3,0.88,48.44,123.21,90.22,1
CAR0574,72.81,29.65,84.75,2,1.04,58.78,124.8,86.96,1
CAR0575,83.29,57.0,98.1,5,0.99,15.27,167.86,81.97,1
CAR0576,52.89,49.47,79.44,2,1.28,10.81,110.7,56.92,1
CAR0577,77.36,25.77,92.32,5,0.95,76.67,134.08,61.16,1
CAR0578,82.71,67.47,89.98,2,1.09,8.9,138.5,91.16,0
CAR0579,60.21,38.98,86.4,4,1.26,36.09,130.49,59.67,1
CAR0580,86.44,37.85,93.79,2,1.23,136.49,109.56,44.23,1
CAR0581,78.38,53.01,86.86,4,1.2,333.63,123.62,59.28,1
CAR0582,70.85,67.23,86.95,4,1.23,126.54,117.19,101.19,1
CAR0583,81.33,34.76,84.73,3,1.13,490.97,178.78,59.3,1
CAR0584,97.71,50.93,91.12,0,0.88,119.84,106.27,76.55,1
CAR0585,76.82,56.43,90.48,5,1.12,34.78,92.62,57.69,1
CAR0586,77.48,60.4,81.87,3,1.29,111.49,119.81,85.27,1
CAR0587,70.41,52.65,78.4,3,1.17,121.12,117.7,80.74,0
CAR0588,66.5,44.49,83.99,4,1.28,46.48,125.91,40.18,0
CAR0589,83.3,37.59,81.0,4,1.08,1.79,106.28,75.36,1
CAR0590,66.44,51.29,84.68,5,1.4,121.47,123.31,36.35,0
CAR0591,75.72,33.92,91.19,2,0.69,2.19,123.89,58.92,1
CAR0592,70.22,6.18,82.71,2,1.23,99.75,147.18,69.77,1
CAR0593,79.79,56.55,84.79,3,1.47,17.87,122.79,106.94,0
CAR0594,78.34,63.56,85.29,1,1.5,83.38,123.07,76.36,0
CAR0595,85.38,14.56,89.24,1,1.15,70.1,135.49,54.66,1
CAR0596,69.9,34.85,73.77,2,0.93,1.36,146.03,63.66,1
CAR0597,72.3,59.29,81.97,1,1.47,45.08,90.49,88.48,1
CAR0598,65.21,80.86,86.06,2,1.19,91.9,82.43,54.93,1
CAR0599,70.56,50.31,91.0,4,1.17,188.79,170.86,91.94,1
CAR0600,78.77,39.08,82.54,3,1.02,219.5,141.12,59.54,1
CAR0601,82.57,47.26,75.62,0,0.95,66.14,113.42,51.69,1
CAR0602,65.78,70.62,88.1,3,1.31,130.35,120.59,60.18,1
CAR0603,83.7,40.31,81.82,2,1.33,38.05,108.22,37.67,0
CAR0604,88.56,38.01,79.05,2,1.24,41.88,126.34,26.55,1
CAR0605,79.13,42.76,81.88,3,1.05,21.62,90.84,68.35,1
CAR0606,93.77,35.7,84.08,5,0.99,82.54,145.21,68.65,0
CAR0607,67.26,51.84,81.98,2,0.91,37.77,125.26,75.13,0
CAR0608,62.55,74.37,73.97,1,1.09,8.81,126.35,68.25,1
CAR0609,57.21,54.85,89.49,1,1.0,115.52,93.18,116.59,0
CAR0610,89.96,46.21,91.37,2,0.86,123.02,135.73,73.37,0
CAR0611,81.54,45.62,88.26,2,1.33,44.63,93.87,42.47,1
CAR0612,74.44,26.55,79.31,5,0.94,7.98,99.24,47.6,1
CAR0613,77.8,63.25,83.99,1,1.4,55.56,122.63,70.01,1
CAR0614,63.75,48.83,84.97,2,1.28,58.4,195.22,61.29,1
CAR0615,99.46,47.29,87.99,2,1.26,110.46,125.14,45.43,1
CAR0616,76.29,97.9,88.34,5,1.53,37.89,50.0,68.82,1
CAR0617,76.09,54.48,81.33,5,0.94,114.76,100.72,69.12,0
CAR0618,82.26,38.72,85.41,3,1.37,205.17,140.51,101.91,1
CAR0619,79.81,43.6,87.29,5,1.14,27.11,86.15,51.68,1
CAR0620,77.24,67.23,92.28,0,1.71,385.94,144.93,61.65,1
CAR0621,67.1,51.7,88.52,1,1.12,48.84,124.76,101.85,1
CAR0622,79.71,28.43,88.95,3,1.09,31.1,149.74,76.57,1
CAR0623,93.82,63.79,85.42,0,1.29,54.73,103.23,51.56,1
CAR0624,88.45,39.98,92.05,2,1.16,9.92,100.9,55.71,1
CAR0625,90.93,78.1,87.05,2,1.05,13.43,136.95,45.72,1
CAR0626,69.89,66.2,80.69,3,1.01,53.52,119.77,71.55,1
CAR0627,65.1,43.29,92.02,5,1.49,143.74,117.96,90.62,1
CAR0628,73.74,69.22,88.49,2,0.97,230.57,167.07,102.62,1
CAR0629,75.56,51.02,82.78,4,1.24,109.31,138.12,40.27,1
CAR0630,85.94,62.79,82.6,3,1.41,11.12,60.3,87.38,0
CAR0631,58.08,57.27,86.48,0,1.42,111.48,143.97,73.29,0
CAR0632,90.3,37.3,87.32,3,1.08,100.9,140.97,64.76,1
CAR0633,73.42,40.35,85.99,1,1.16,163.87,155.55,61.65,1
CAR0634,70.73,65.45,86.56,5,1.12,174.44,91.81,31.58,0
CAR0635,64.88,44.98,93.5,5,0.89,202.65,129.74,82.76,0
CAR0636,58.45,43.95,90.36,3,1.31,53.47,123.35,43.62,1
CAR0637,83.23,35.67,85.95,2,1.21,119.69,91.27,55.04,1
CAR0638,75.73,56.35,89.71,2,1.49,31.23,148.4,78.36,1
CAR0639,62.1,80.94,79.84,4,1.04,731.77,112.75,33.67,1
CAR0640,62.05,33.99,86.99,4,1.42,19.28,154.58,43.58,1
CAR0641,71.64,50.36,94.05,5,1.43,1.02,97.71,94.37,0
CAR0642,91.69,71.18,83.91,4,1.21,16.11,76.18,72.44,1
CAR0643,72.4,48.81,80.76,0,0.77,149.55,112.72,56.76,1
CAR0644,59.97,56.79,81.74,4,1.1,59.2,126.96,72.52,0
CAR0645,72.54,34.06,79.55,0,1.56,59.33,103.97,83.39,1
CAR0646,72.27,56.42,81.08,4,1.26,310.16,50.0,92.5,1
CAR0647,48.03,47.19,83.15,5,1.34,252.12,131.51,47.75,1
CAR0648,74.46,64.79,77.97,5,1.18,37.28,131.37,49.5,1
CAR0649,72.69,67.81,85.08,0,1.16,23.45,140.62,82.17,1
CAR0650,81.96,88.84,89.51,3,0.83,188.71,108.59,82.81,1
CAR0651,93.49,58.69,80.46,5,1.36,236.47,106.95,43.12,1
CAR0652,86.27,54.89,92.6,3,1.42,78.0,163.21,50.25,1
CAR0653,72.31,52.92,87.55,2,1.01,99.27,72.74,66.13,1
CAR0654,63.93,44.7,90.15,0,1.16,29.69,112.59,70.47,1
CAR0655,100.0,55.08,81.71,5,1.14,161.35,124.27,71.04,1
CAR0656,75.59,45.57,89.27,1,1.28,100.0,138.18,42.81,1
CAR0657,75.14,52.53,79.54,2,1.09,70.02,125.09,70.84,0
CAR0658,74.76,69.76,89.45,3,1.39,6.2,92.34,55.65,1
CAR0659,76.98,34.9,85.86,5,1.21,247.62,155.03,46.67,1
CAR0660,73.56,67.1,87.77,0,0.69,95.57,120.06,69.78,0
CAR0661,69.26,69.76,79.12,4,1.29,21.4,69.96,67.74,0
CAR0662,69.53,48.23,80.52,1,1.4,93.24,126.28,86.03,1
CAR0663,74.67,18.17,87.99,3,0.97,113.15,134.26,52.78,0
CAR0664,69.57,40.88,80.26,2,1.28,74.61,178.82,74.7,0
CAR0665,67.87,69.45,87.32,0,1.57,126.62,132.26,38.63,1
CAR0666,76.06,49.66,78.16,1,1.22,87.1,75.54,64.5,0
CAR0667,72.45,35.01,89.24,0,1.43,295.21,76.59,79.27,1
CAR0668,90.04,42.43,78.84,5,1.11,5.52,157.76,80.96,1
CAR0669,48.49,62.61,87.76,4,1.2,11.23,95.92,81.1,1
CAR0670,85.92,58.2,88.13,2,1.16,19.08,73.51,86.09,1
CAR0671,87.46,46.42,81.52,0,1.12,117.17,150.02,61.08,1
CAR0672,54.27,44.5,87.91,3,1.17,103.73,105.73,79.91,1
CAR0673,71.57,44.12,86.3,5,0.87,222.62,148.41,107.37,1
CAR0674,71.29,36.16,82.31,5,1.13,132.0,92.56,60.66,1
CAR0675,60.92,74.23,79.96,2,1.47,71.0,164.21,97.6,1
CAR0676,67.22,45.17,75.19,5,1.01,480.75,146.16,87.53,1
CAR0677,63.89,68.26,86.75,3,0.99,30.94,98.32,64.67,1
CAR0678,92.52,72.82,77.18,0,1.21,179.09,70.19,66.34,1
CAR0679,84.36,64.97,85.48,2,1.22,55.65,189.15,72.37,1
CAR0680,87.72,43.53,83.68,5,1.28,104.62,113.69,86.4,1
CAR0681,82.22,56.06,88.4,5,1.18,129.93,97.12,78.05,1
CAR0682,63.71,49.64,83.49,3,1.21,100.45,161.59,60.5,1
CAR0683,69.75,36.44,83.35,4,1.13,15.14,148.37,28.36,0
CAR0684,79.89,54.87,88.66,4,0.94,58.51,155.48,83.44,1
CAR0685,62.78,32.31,86.68,5,1.19,82.43,117.04,31.35,1
CAR0686,82.13,67.82,86.58,0,1.34,189.08,176.43,42.68,1
CAR0687,72.6,43.03,87.35,2,1.3,58.64,80.68,61.95,0
CAR0688,71.25,53.02,77.32,5,0.85,251.02,103.44,45.72,1
CAR0689,82.11,54.25,88.78,1,1.25,58.05,131.7,76.35,1
CAR0690,79.44,46.12,88.06,2,1.02,79.58,155.04,64.08,1
CAR0691,71.39,58.8,79.92,4,1.48,159.1,139.83,85.7,1
CAR0692,86.59,42.88,83.78,5,1.27,87.48,117.51,37.85,1
CAR0693,64.19,63.07,84.8,3,1.38,322.43,105.75,56.76,1
CAR0694,81.16,29.81,84.33,1,1.2,107.98,155.21,70.08,1
CAR0695,80.93,51.9,86.67,5,1.19,73.96,142.93,70.85,1
CAR0696,71.9,79.08,92.16,0,1.5,2.39,93.76,83.88,1
CAR0697,78.26,35.0,90.41,1,1.39,53.4,92.87,51.71,1
CAR0698,62.49,39.83,78.44,5,1.22,35.56,103.64,60.64,1
CAR0699,84.24,57.71,88.11,0,1.16,137.87,99.79,80.15,0
CAR0700,73.15,52.69,91.64,1,0.86,23.35,150.9,26.03,1
CAR0701,69.77,55.26,86.93,0,1.26,22.97,133.07,77.7,1
CAR0702,85.49,57.34,90.45,0,1.17,21.01,136.73,85.28,1
CAR0703,67.96,59.52,95.06,1,1.31,13.42,125.75,43.33,1
CAR0704,60.92,66.65,90.12,1,1.37,37.25,127.16,63.7,1
CAR0705,59.43,56.15,86.25,0,1.45,217.09,72.55,99.85,0
CAR0706,81.06,46.38,90.23,4,1.27,149.13,143.83,83.2,1
CAR0707,62.2,60.09,85.72,1,0.99,132.9,103.1,78.94,1
CAR0708,92.55,78.5,85.12,5,0.77,159.62,119.01,89.82,1
CAR0709,54.18,48.01,83.24,2,1.04,31.39,105.8,106.09,0
CAR0710,91.96,35.38,92.82,3,1.47,218.43,124.38,70.37,1
CAR0711,77.11,66.61,80.91,0,1.56,14.77,137.19,61.86,1
CAR0712,74.03,48.19,92.66,0,1.15,41.0,89.73,89.77,1
CAR0713,69.55,17.41,87.5,3,0.91,88.37,127.58,66.25,1
CAR0714,78.99,62.71,78.0,4,1.07,10.86,106.53,51.44,1
CAR0715,74.62,41.97,86.84,3,1.43,130.98,159.64,59.2,0
CAR0716,86.03,48.64,74.5,1,1.08,48.98,86.56,76.25,1
CAR0717,76.14,54.98,88.13,3,1.32,153.44,89.92,61.01,1
CAR0718,76.5,52.86,89.43,0,1.23,67.9,109.21,62.5,0
CAR0719,71.36,60.64,82.04,3,1.34,19.95,92.23,49.45,1
CAR0720,74.43,43.47,85.62,2,1.56,132.71,113.27,98.71,1
CAR0721,78.08,57.7,94.77,5,1.32,29.05,104.16,63.15,0
CAR0722,57.9,46.11,82.47,1,1.23,67.49,122.65,55.77,1
CAR0723,61.52,61.08,79.71,3,1.59,7.85,150.24,57.9,1
CAR0724,82.43,59.23,92.41,0,1.27,96.2,122.14,86.05,1
CAR0725,76.71,35.97,94.81,5,1.04,109.62,124.87,81.46,1
CAR0726,73.16,66.29,85.02,1,1.34,47.59,88.28,59.96,1
CAR0727,75.18,41.96,90.06,0,1.29,308.83,115.98,70.65,1
CAR0728,78.48,62.12,91.71,4,1.14,207.28,107.35,75.53,0
CAR0729,69.6,55.51,81.29,2,1.1,123.08,140.45,55.92,1
CAR0730,67.22,77.57,82.57,4,1.14,125.05,97.06,39.19,1
CAR0731,76.96,46.65,91.15,2,1.09,29.09,94.18,80.3,1
CAR0732,65.22,44.76,93.43,3,1.15,106.95,129.52,57.03,1
CAR0733,79.08,49.71,87.81,1,1.03,22.09,179.4,78.81,0
CAR0734,57.97,45.45,80.6,3,1.28,15.55,114.72,76.42,1
CAR0735,85.29,62.0,94.94,2,1.26,753.87,125.05,71.12,1
CAR0736,79.73,25.76,82.35,2,1.27,97.39,148.44,61.48,1
CAR0737,77.56,34.19,83.32,2,1.19,56.39,135.3,57.32,1
CAR0738,84.83,33.98,86.71,5,1.16,33.99,135.49,47.23,1
CAR0739,91.65,64.25,92.77,0,1.49,92.61,117.14,57.71,1
CAR0740,85.14,75.66,89.27,1,1.21,5.09,117.73,81.38,1
CAR0741,56.59,48.43,87.07,3,1.45,9.95,97.35,97.96,1
CAR0742,62.2,47.47,87.32,3,1.0,3.34,134.59,95.02,1
CAR0743,68.75,51.05,85.22,4,1.32,69.15,133.91,72.91,0
CAR0744,75.26,67.43,87.79,2,1.05,91.78,141.51,97.95,0
CAR0745,80.18,36.09,72.35,2,1.09,6.45,105.36,63.86,1
CAR0746,67.74,53.58,83.52,2,1.12,127.73,144.9,44.18,0
CAR0747,76.87,64.63,86.21,3,1.11,26.19,154.0,108.42,1
CAR0748,67.45,57.52,79.24,4,1.11,115.58,83.58,80.66,0
CAR0749,68.88,52.84,86.93,0,1.44,401.17,111.09,39.31,0
CAR0750,60.93,65.02,83.98,5,1.21,117.48,155.25,101.18,1
CAR0751,65.77,9.45,93.78,1,1.25,214.72,100.51,55.13,1
CAR0752,61.48,60.17,92.87,0,1.11,296.03,135.86,59.48,1
CAR0753,65.24,40.19,82.67,3,1.37,66.7,120.26,90.43,1
CAR0754,85.54,22.54,84.25,5,1.27,121.18,129.93,97.23,1
CAR0755,65.51,57.67,84.63,5,1.14,191.03,121.17,49.99,0
CAR0756,100.0,70.6,82.74,5,0.88,44.1,142.39,99.42,1
CAR0757,79.93,47.94,85.98,2,1.24,30.3,89.35,87.48,1
CAR0758,76.85,64.29,81.21,1,1.32,292.99,92.6,54.01,1
CAR0759,66.42,74.18,79.35,3,1.0,129.57,163.94,65.08,1
CAR0760,82.0,69.72,88.11,3,1.14,24.81,183.01,100.32,1
CAR0761,69.24,74.6,88.15,5,1.31,59.62,119.84,38.79,0
CAR0762,76.22,61.13,80.98,3,0.89,159.19,171.46,97.61,0
CAR0763,100.0,51.13,89.48,1,1.07,79.2,96.85,86.93,1
CAR0764,74.04,25.97,81.84,1,1.28,104.97,104.05,80.18,1
CAR0765,86.49,46.31,86.27,4,1.42,140.15,163.72,72.63,0
CAR0766,67.97,37.35,89.1,4,1.64,97.29,144.12,109.4,1
CAR0767,74.65,82.56,84.83,0,1.59,77.67,168.19,112.36,0
CAR0768,92.71,47.36,87.27,1,1.23,138.48,134.06,57.7,1
CAR0769,68.73,51.85,82.42,1,1.1,130.03,89.62,82.24,1
CAR0770,93.12,58.27,84.02,1,1.38,99.39,126.71,107.49,1
CAR0771,82.08,50.65,83.97,4,1.09,44.6,156.06,54.3,1
CAR0772,69.38,75.43,81.27,5,1.05,52.06,116.02,74.86,1
CAR0773,81.32,40.66,84.12,5,1.14,352.13,111.41,90.08,1
CAR0774,84.73,52.92,77.26,3,1.11,11.92,134.52,29.7,0
CAR0775,81.22,38.86,82.54,5,1.28,31.27,103.21,86.57,1
CAR0776,59.3,30.2,83.58,2,1.08,67.81,128.87,48.23,0
CAR0777,67.73,40.82,83.72,4,1.22,181.23,121.91,73.85,1
CAR0778,72.52,49.44,83.79,1,1.52,17.87,105.29,92.89,1
CAR0779,74.26,43.56,84.69,5,1.22,32.43,149.42,22.22,1
CAR0780,81.21,39.61,87.4,4,1.5,6.81,139.38,85.72,1
CAR0781,76.78,28.91,89.37,5,1.44,122.41,109.39,110.77,0
CAR0782,61.65,48.75,81.75,0,1.32,27.21,119.55,59.33,1
CAR0783,78.8,27.43,78.98,1,1.13,49.21,111.86,81.53,1
CAR0784,81.11,61.4,79.79,0,1.41,58.65,100.84,96.71,1
CAR0785,80.6,51.24,82.56,1,1.15,221.93,69.05,38.14,0
CAR0786,85.81,28.14,83.24,4,1.2,52.99,105.49,85.15,1
CAR0787,83.34,45.36,81.15,3,1.27,15.69,101.28,90.48,1
CAR0788,79.59,38.72,78.52,5,1.2,74.3,123.45,82.77,1
CAR0789,74.3,54.79,82.72,5,1.06,329.57,133.22,71.73,1
CAR0790,58.39,70.11,85.91,2,0.89,93.57,95.93,49.99,1
CAR0791,79.3,21.87,87.98,0,1.39,409.76,131.2,97.83,0
CAR0792,77.08,51.73,82.21,5,1.31,183.95,91.31,70.69,0
CAR0793,77.72,47.6,82.94,4,0.86,3.66,116.24,51.92,1
CAR0794,62.23,60.07,80.37,3,1.05,107.41,101.93,63.64,0
CAR0795,64.19,53.2,84.84,4,1.24,33.79,142.39,77.37,1
CAR0796,85.53,38.72,80.76,0,1.29,82.01,123.5,38.78,1
CAR0797,74.6,45.21,87.87,2,0.9,32.76,116.69,70.36,1
CAR0798,81.82,38.06,76.07,5,1.18,42.9,101.24,61.66,0
CAR0799,75.28,66.14,83.2,4,1.31,256.61,110.13,96.72,1
CAR0800,75.3,50.32,86.51,1,1.13,23.15,174.87,32.5,0
CAR0801,84.38,78.52,85.92,3,1.25,207.23,104.97,88.78,1
CAR0802,69.84,49.09,98.47,4,1.1,3.09,134.38,98.34,1
CAR0803,75.96,39.37,86.75,3,1.38,9.53,116.62,33.26,1
CAR0804,70.38,27.29,79.98,5,1.04,192.88,133.52,35.66,1
CAR0805,70.66,22.95,84.52,1,0.97,99.58,145.11,105.72,0
CAR0806,71.91,26.24,76.12,2,1.21,137.53,109.38,51.91,1
CAR0807,77.22,54.01,84.6,2,0.91,23.5,141.29,131.9,0
CAR0808,70.21,57.63,80.83,1,0.78,77.02,202.7,33.88,0
CAR0809,87.56,26.28,89.58,3,1.42,133.64,137.03,73.4,1
CAR0810,66.05,63.43,82.25,5,1.0,98.7,168.41,69.53,1
CAR0811,73.13,42.75,84.42,4,0.93,63.81,134.43,65.84,1
CAR0812,70.6,52.2,81.82,1,1.04,321.35,92.04,79.26,1
CAR0813,89.47,74.18,93.69,0,1.03,112.75,128.27,80.41,1
CAR0814,76.97,63.45,83.39,3,1.17,238.33,110.09,66.65,1
CAR0815,85.32,45.97,94.16,2,0.98,130.85,102.12,49.72,1
CAR0816,60.14,36.63,89.07,1,1.3,132.98,117.82,90.96,0
CAR0817,77.67,17.72,87.41,2,1.33,8.34,115.36,82.56,1
CAR0818,83.9,39.21,86.84,3,0.95,44.55,88.2,72.29,0
CAR0819,75.82,46.83,86.97,2,1.08,195.45,201.25,81.93,1
CAR0820,85.65,35.19,75.36,1,1.1,26.48,144.24,85.38,1
CAR0821,69.83,48.03,83.61,3,1.17,12.27,127.33,54.77,1
CAR0822,89.09,51.15,89.23,0,1.42,39.47,122.7,81.21,1
CAR0823,97.99,46.63,84.76,1,1.43,24.9,156.07,58.94,0
CAR0824,71.37,40.25,77.97,4,1.7,259.41,182.27,86.04,1
CAR0825,70.54,52.53,84.74,5,0.75,202.47,140.55,66.15,1
CAR0826,89.53,56.63,93.52,1,1.02,69.25,123.64,82.23,1
CAR0827,90.8,33.64,91.23,3,1.56,6.33,164.18,61.32,1
CAR0828,69.77,71.16,84.69,5,0.84,125.37,124.27,83.27,1
CAR0829,70.8,48.52,89.76,1,1.56,97.66,133.06,50.42,1
CAR0830,72.18,50.28,83.17,0,1.23,352.52,150.03,70.72,1
CAR0831,61.56,60.62,76.48,0,1.24,81.86,108.41,89.61,0
CAR0832,65.81,53.5,80.38,4,0.94,41.01,57.72,79.34,0
CAR0833,64.96,64.3,92.81,2,1.11,73.19,106.95,73.84,1
CAR0834,67.32,54.31,83.63,5,1.55,387.58,143.19,106.07,0
CAR0835,74.65,40.81,83.78,3,1.19,119.19,141.08,90.47,1
CAR0836,77.34,55.42,83.5,3,1.11,111.47,160.28,87.11,1
CAR0837,90.51,32.84,94.52,2,1.28,27.53,108.1,83.16,1
CAR0838,65.02,51.63,93.13,0,1.16,136.1,167.43,85.65,1
CAR0839,84.84,49.5,96.09,0,1.27,138.74,125.55,103.14,0
CAR0840,72.86,46.88,84.2,1,1.03,38.17,138.13,61.65,1
CAR0841,74.51,48.07,86.48,4,1.18,66.11,147.11,90.19,1
CAR0842,81.75,21.77,77.42,5,1.07,34.9,78.55,77.13,1
CAR0843,63.77,41.77,92.38,4,0.84,29.94,89.85,62.34,0
CAR0844,78.82,51.39,79.16,4,1.3,2.62,88.86,68.01,1
CAR0845,76.66,52.4,86.08,1,0.95,33.58,152.17,74.38,0
CAR0846,79.92,34.58,79.51,4,1.17,80.74,110.84,52.8,1
CAR0847,77.89,68.99,82.06,2,1.39,0.16,180.83,87.28,0
CAR0848,99.55,37.01,80.81,1,0.9,33.3,120.1,67.94,1
CAR0849,68.62,64.54,81.96,2,1.32,213.21,75.86,71.7,1
CAR0850,69.69,56.41,82.3,1,1.14,90.05,99.83,97.14,0
CAR0851,68.77,40.31,82.26,4,1.01,93.61,123.52,72.59,0
CAR0852,69.45,76.63,89.17,2,1.6,51.64,135.46,101.05,1
CAR0853,68.63,32.1,79.48,2,1.2,112.85,90.45,59.5,0
CAR0854,86.89,63.79,86.1,2,1.09,21.06,137.05,48.06,1
CAR0855,89.21,65.01,91.09,1,1.04,170.79,145.07,64.2,1
CAR0856,69.29,39.94,82.43,3,1.38,12.41,100.77,13.71,1
CAR0857,66.68,70.89,81.41,4,1.08,106.71,179.07,88.12,1
CAR0858,79.71,46.25,83.85,2,1.35,41.73,104.02,49.22,0
CAR0859,69.48,54.33,90.9,5,1.2,137.64,90.0,57.65,1
CAR0860,81.33,53.9,85.97,3,1.42,79.8,74.12,84.33,0
CAR0861,77.03,47.99,82.34,5,0.99,60.21,156.62,72.38,1
CAR0862,59.84,62.16,87.42,4,1.02,18.56,120.69,61.19,1
CAR0863,90.48,61.9,79.49,4,1.14,101.29,105.62,29.27,1
CAR0864,92.96,23.77,88.41,2,1.16,367.97,75.78,96.02,0
CAR0865,68.87,69.57,87.04,2,1.13,174.64,108.32,84.46,1
CAR0866,71.12,25.06,83.46,1,1.73,6.19,191.44,111.11,1
CAR0867,77.86,65.49,80.81,3,1.61,47.2,55.67,58.07,1
CAR0868,78.34,66.9,80.57,3,1.26,259.81,101.05,40.91,1
CAR0869,81.59,33.64,87.67,2,1.28,69.93,173.78,89.9,1
CAR0870,95.1,43.84,91.14,4,1.15,108.5,157.47,66.24,0
CAR0871,73.23,33.41,81.81,2,0.99,243.73,102.88,82.56,1
CAR0872,67.02,46.78,87.29,4,1.16,206.98,126.11,102.4,1
CAR0873,61.21,45.38,74.56,4,1.35,69.68,133.89,77.76,1
CAR0874,67.69,61.69,82.08,2,1.46,57.56,124.02,73.35,1
CAR0875,74.67,69.65,84.84,0,1.4,41.5,173.53,74.6,0
CAR0876,92.95,70.94,80.45,3,0.9,126.95,130.19,37.26,1
CAR0877,69.82,41.57,80.32,5,1.14,33.83,154.07,92.16,1
CAR0878,77.24,46.86,81.66,4,0.91,28.75,125.45,93.44,0
CAR0879,74.84,24.75,86.46,4,1.43,44.04,59.03,80.61,1
CAR0880,86.88,37.91,84.06,0,1.12,19.51,84.23,39.69,1
CAR0881,100.0,64.47,73.81,5,1.19,118.78,90.45,67.58,1
CAR0882,69.69,74.23,74.4,1,1.3,95.77,112.52,98.77,1
CAR0883,70.11,31.48,81.97,0,1.75,65.95,182.35,58.68,1
CAR0884,85.44,41.11,87.29,5,1.25,49.48,130.87,93.69,0
CAR0885,81.82,49.6,71.26,0,1.15,239.76,116.83,71.1,1
CAR0886,93.47,54.2,82.5,4,0.95,2.96,157.16,84.25,1
CAR0887,80.84,37.86,82.37,3,1.49,146.58,76.44,61.76,1
CAR0888,71.41,56.36,91.94,0,1.16,232.19,105.31,71.69,1
CAR0889,80.91,42.89,83.07,1,1.53,59.12,100.88,78.73,1
CAR0890,86.09,49.78,86.91,2,1.42,80.0,131.94,48.34,0
CAR0891,83.2,58.19,85.71,5,1.11,289.07,146.88,75.48,0
CAR0892,80.07,50.1,74.35,0,0.92,23.86,134.14,16.23,1
CAR0893,85.67,43.45,88.84,0,1.25,73.43,134.62,57.97,1
CAR0894,86.69,48.36,86.08,1,1.08,64.38,109.17,80.88,1
CAR0895,88.82,48.67,87.54,3,1.21,29.89,129.62,92.41,1
CAR0896,81.49,44.45,100.0,0,1.41,170.7,94.8,79.46,1
CAR0897,73.33,46.12,74.58,0,0.87,229.86,140.22,42.19,1
CAR0898,76.47,73.98,93.62,3,1.25,152.3,104.98,90.66,1
CAR0899,87.07,58.41,83.56,1,1.35,21.74,86.35,47.22,1
CAR0900,66.83,45.57,86.44,5,1.36,9.07,121.13,82.28,1
CAR0901,78.69,60.45,84.77,5,0.93,93.0,62.61,47.88,1
CAR0902,71.07,44.99,82.88,0,1.28,5.88,164.23,54.54,0
CAR0903,75.29,67.6,82.15,3,1.44,111.73,143.91,50.87,1
CAR0904,87.78,55.54,86.65,0,1.27,75.59,130.11,72.78,1
CAR0905,76.91,48.39,77.41,2,1.18,108.7,71.29,66.09,0
CAR0906,75.46,56.72,88.75,5,1.43,89.2,98.99,80.18,0
CAR0907,61.4,26.44,82.92,4,1.06,54.94,121.22,69.63,0
CAR0908,82.46,33.1,79.35,2,0.89,22.42,112.11,39.64,1
CAR0909,81.45,32.09,82.75,0,1.16,36.49,69.34,75.52,0
CAR0910,96.63,52.14,91.29,1,1.31,74.34,80.51,34.76,0
CAR0911,71.92,75.99,82.32,5,1.41,105.52,111.51,52.32,1
CAR0912,77.19,83.47,86.79,4,1.31,151.18,81.5,62.72,1
CAR0913,77.49,59.57,81.35,2,1.37,145.74,161.14,61.34,0
CAR0914,90.77,57.51,88.79,5,1.41,360.05,134.84,37.05,1
CAR0915,74.05,22.98,88.43,3,1.13,33.67,95.9,97.42,1
CAR0916,77.79,41.86,94.24,1,1.17,7.38,155.07,102.96,1
CAR0917,81.08,38.18,84.12,2,1.46,42.41,149.03,115.02,1
CAR0918,76.87,40.69,88.34,3,0.96,135.98,128.67,92.95,0
CAR0919,70.54,47.48,85.49,0,1.29,57.65,118.81,62.09,1
CAR0920,76.94,42.92,91.48,3,1.06,170.26,111.05,61.75,1
CAR0921,85.74,20.31,81.41,2,1.42,79.7,103.8,60.64,0
CAR0922,64.73,61.22,88.73,2,1.2,265.63,79.9,109.71,1
CAR0923,76.33,33.91,84.03,0,1.2,295.39,165.85,67.69,1
CAR0924,68.0,53.59,84.68,3,1.55,7.18,104.38,95.38,1
CAR0925,86.95,81.11,85.46,3,0.98,60.96,120.85,93.83,1
CAR0926,59.77,36.21,86.26,0,1.24,94.08,92.69,73.79,1
CAR0927,69.41,12.05,84.42,3,1.16,29.55,112.22,40.97,1
CAR0928,78.77,45.71,86.07,5,1.31,52.27,205.52,68.12,1
CAR0929,90.66,66.51,92.89,0,1.59,113.22,98.22,72.94,1
CAR0930,74.34,79.38,89.93,1,1.08,25.71,163.46,95.56,1
CAR0931,69.45,31.56,89.35,2,0.96,92.13,119.17,70.39,1
CAR0932,93.81,57.45,82.72,1,1.04,119.55,140.4,45.83,1
CAR0933,60.52,43.02,80.55,5,1.15,9.49,157.34,89.76,1
CAR0934,53.01,48.41,89.78,5,1.21,68.82,128.17,65.45,1
CAR0935,79.4,89.67,89.38,4,1.22,30.53,109.45,19.1,1
CAR0936,69.98,27.46,92.36,4,1.56,128.88,114.42,76.5,1
CAR0937,64.79,53.81,81.98,4,1.52,21.02,115.43,80.02,0
CAR0938,82.08,57.02,83.85,0,1.46,222.78,175.93,53.14,1
CAR0939,77.44,66.29,76.8,3,1.7,56.38,75.48,66.16,0
CAR0940,69.36,51.47,83.04,5,1.36,22.07,66.88,83.15,0
CAR0941,62.2,54.62,89.98,1,1.42,57.63,68.88,76.64,0
CAR0942,83.72,44.13,82.67,1,1.36,52.55,93.18,38.75,1
CAR0943,81.5,54.04,88.2,1,1.33,56.02,141.0,95.07,1
CAR0944,74.01,44.85,84.05,1,1.28,88.08,142.84,104.13,1
CAR0945,93.47,59.32,86.62,4,1.12,73.64,101.77,59.8,1
CAR0946,64.3,44.46,79.26,1,0.95,16.23,119.15,31.8,1
CAR0947,59.74,55.66,85.43,3,1.17,6.78,86.51,85.42,1
CAR0948,68.08,49.56,70.04,4,1.31,130.72,89.29,56.54,1
CAR0949,74.54,66.89,84.07,1,1.21,82.03,137.4,80.71,1
CAR0950,77.43,49.23,76.85,0,0.99,44.47,151.43,114.04,1
CAR0951,72.59,23.4,91.03,2,1.17,165.21,105.7,39.07,1
CAR0952,78.52,68.93,88.89,2,1.16,49.11,169.05,54.07,1
CAR0953,62.48,36.41,87.33,2,1.19,158.95,148.97,66.11,1
CAR0954,89.44,40.19,92.61,4,1.3,36.49,167.75,95.83,1
CAR0955,74.18,41.07,80.26,1,1.34,7.56,110.97,141.11,0
CAR0956,86.17,70.62,93.74,5,1.1,269.77,165.62,74.94,1
CAR0957,78.43,17.96,89.66,5,1.4,50.18,185.39,37.36,1
CAR0958,79.57,97.07,83.82,5,1.43,157.36,107.62,63.09,0
CAR0959,80.7,65.84,90.68,4,1.26,32.73,115.37,54.5,1
CAR0960,79.48,53.35,79.47,3,1.33,103.95,91.57,84.43,0
CAR0961,81.43,49.18,80.88,0,1.4,206.6,85.67,77.54,1
CAR0962,88.29,54.28,81.96,0,0.98,4.25,86.02,49.16,1
CAR0963,76.97,57.82,82.36,2,1.41,177.57,95.66,53.33,1
CAR0964,82.09,59.68,79.72,2,1.04,84.71,128.24,62.8,1
CAR0965,74.1,58.33,91.12,5,1.06,93.51,96.92,65.21,0
CAR0966,89.4,51.34,83.71,5,1.24,74.06,127.32,69.16,1
CAR0967,68.24,47.04,86.76,2,0.77,207.53,127.95,70.98,0
CAR0968,93.01,47.73,82.15,1,1.24,4.44,105.9,94.7,1
CAR0969,74.6,47.08,75.9,3,1.4,30.25,118.12,62.08,1
CAR0970,60.69,67.01,86.35,3,0.87,208.56,104.16,59.13,1
CAR0971,76.28,58.9,75.44,3,1.42,139.57,110.68,43.22,1
CAR0972,68.19,5.89,84.66,3,1.06,1.78,95.73,65.52,1
CAR0973,83.41,59.84,78.16,2,1.24,72.78,122.52,75.12,1
CAR0974,68.47,52.92,94.94,0,1.09,75.41,101.98,35.52,1
CAR0975,70.54,49.72,89.56,2,1.31,51.23,85.02,63.15,0
CAR0976,56.1,44.17,85.53,3,1.4,35.3,137.8,93.21,1
CAR0977,70.48,66.86,91.32,2,1.33,114.48,138.82,82.97,0
CAR0978,50.76,64.21,80.77,3,1.2,23.29,153.35,77.47,0
CAR0979,59.16,38.41,87.72,4,1.1,160.42,89.27,82.42,0
CAR0980,82.6,56.11,86.0,5,1.19,162.47,105.57,58.53,1
CAR0981,82.86,35.43,86.32,0,1.33,53.66,126.91,55.86,1
CAR0982,79.25,29.31,91.36,4,1.34,33.34,104.94,95.44,1
CAR0983,65.33,40.6,88.66,1,1.31,33.39,137.13,86.57,1
CAR0984,74.52,62.94,86.44,2,0.94,65.83,134.94,55.07,0
CAR0985,74.96,64.3,76.73,1,1.2,127.15,134.38,32.43,1
CAR0986,63.42,57.7,80.2,2,1.07,44.45,163.79,55.49,1
CAR0987,90.03,60.88,84.39,5,1.33,94.17,139.32,80.87,0
CAR0988,83.77,57.74,85.47,4,1.05,48.21,124.62,56.83,1
CAR0989,72.79,40.38,79.35,5,1.29,36.32,114.19,76.6,1
CAR0990,75.27,56.48,97.06,3,1.14,2.52,116.28,98.4,1
CAR0991,77.08,62.01,92.58,5,0.82,0.39,88.07,68.14,1
CAR0992,54.58,61.31,88.01,5,1.39,25.77,67.03,74.68,1
CAR0993,72.53,67.83,85.36,3,1.19,52.16,133.91,83.7,1
CAR0994,68.18,60.62,83.94,2,1.46,190.56,156.71,48.36,0
CAR0995,64.98,55.27,80.24,3,0.87,160.19,110.1,54.54,1
CAR0996,72.19,66.05,85.39,4,1.14,31.08,167.61,84.52,0
CAR0997,92.98,49.6,86.29,5,1.16,28.04,114.7,70.74,1
CAR0998,81.41,36.77,78.79,3,1.25,25.79,61.39,72.44,1
CAR0999,69.29,47.55,86.67,5,0.93,41.44,147.55,70.67,1
CAR1000,80.73,38.83,84.22,4,1.31,68.96,105.62,89.57,1
